experimentId;device_id;motion_tag;userPhoneLocation;timestamp;wifiRssi;wifiName;wifiOther;
windaJazdaPoPietrachPostoje;SM-G935F;Stoi;W rece;1616498500000;-76.00000000;"IITiS PAN";04:bd:88:6f:e6:33, -360;
windaJazdaPoPietrachPostoje;SM-G935F;Stoi;W rece;1616498501000;-76.00000000;"IITiS PAN";04:bd:88:6f:e6:33, -360;
windaJazdaPoPietrachPostoje;SM-G935F;Stoi;W rece;1616498502000;-76.00000000;"IITiS PAN";04:bd:88:6f:e6:33, -360;
windaJazdaPoPietrachPostoje;SM-G935F;Stoi;W rece;1616498503000;-76.00000000;"IITiS PAN";04:bd:88:6f:e6:33, -360;
windaJazdaPoPietrachPostoje;SM-G935F;Stoi;W rece;1616498504000;-75.00000000;"IITiS PAN";04:bd:88:6f:e6:33, -360;
windaJazdaPoPietrachPostoje;SM-G935F;Stoi;W rece;1616498505000;-75.00000000;"IITiS PAN";04:bd:88:6f:e6:33, -360;
windaJazdaPoPietrachPostoje;SM-G935F;Stoi;W rece;1616498506000;-74.00000000;"IITiS PAN";04:bd:88:6f:e6:33, -360;
windaJazdaPoPietrachPostoje;SM-G935F;Stoi;W rece;1616498507000;-74.00000000;"IITiS PAN";04:bd:88:6f:e6:33, -360;
windaJazdaPoPietrachPostoje;SM-G935F;Stoi;W rece;1616498508000;-76.00000000;"IITiS PAN";04:bd:88:6f:e6:33, -360;
windaJazdaPoPietrachPostoje;SM-G935F;Stoi;W rece;1616498509000;-76.00000000;"IITiS PAN";04:bd:88:6f:e6:33, -360;
windaJazdaPoPietrachPostoje;SM-G935F;Stoi;W rece;1616498510000;-75.00000000;"IITiS PAN";04:bd:88:6f:e6:33, -360;
windaJazdaPoPietrachPostoje;SM-G935F;Stoi;W rece;1616498511000;-76.00000000;"IITiS PAN";04:bd:88:6f:e6:33, -360;
windaJazdaPoPietrachPostoje;SM-G935F;Stoi;W rece;1616498512000;-78.00000000;"IITiS PAN";04:bd:88:6f:e6:33, -360;
windaJazdaPoPietrachPostoje;SM-G935F;Stoi;W rece;1616498513000;-77.00000000;"IITiS PAN";04:bd:88:6f:e6:33, -360;
windaJazdaPoPietrachPostoje;SM-G935F;Stoi;W rece;1616498514000;-77.00000000;"IITiS PAN";04:bd:88:6f:e6:33, -360;
windaJazdaPoPietrachPostoje;SM-G935F;Stoi;W rece;1616498515000;-78.00000000;"IITiS PAN";04:bd:88:6f:e6:33, -360;
windaJazdaPoPietrachPostoje;SM-G935F;Stoi;W rece;1616498516000;-77.00000000;"IITiS PAN";04:bd:88:6f:e6:33, -360;
windaJazdaPoPietrachPostoje;SM-G935F;Stoi;W rece;1616498517000;-77.00000000;"IITiS PAN";04:bd:88:6f:e6:33, -360;
windaJazdaPoPietrachPostoje;SM-G935F;Stoi;W rece;1616498518000;-78.00000000;"IITiS PAN";04:bd:88:6f:e6:33, -360;
windaJazdaPoPietrachPostoje;SM-G935F;Stoi;W rece;1616498519000;-78.00000000;"IITiS PAN";04:bd:88:6f:e6:33, -360;
windaJazdaPoPietrachPostoje;SM-G935F;Stoi;W rece;1616498520000;-78.00000000;"IITiS PAN";04:bd:88:6f:e6:33, -360;
windaJazdaPoPietrachPostoje;SM-G935F;Stoi;W rece;1616498521000;-78.00000000;"IITiS PAN";04:bd:88:6f:e6:33, -360;
windaJazdaPoPietrachPostoje;SM-G935F;Stoi;W rece;1616498522000;-78.00000000;"IITiS PAN";04:bd:88:6f:e6:33, -360;
windaJazdaPoPietrachPostoje;SM-G935F;Stoi;W rece;1616498523000;-78.00000000;"IITiS PAN";04:bd:88:6f:e6:33, -360;
windaJazdaPoPietrachPostoje;SM-G935F;Stoi;W rece;1616498524000;-78.00000000;"IITiS PAN";04:bd:88:6f:e6:33, -360;
windaJazdaPoPietrachPostoje;SM-G935F;Stoi;W rece;1616498525000;-77.00000000;"IITiS PAN";04:bd:88:6f:e6:33, -360;
windaJazdaPoPietrachPostoje;SM-G935F;Stoi;W rece;1616498526000;-76.00000000;"IITiS PAN";04:bd:88:6f:e6:33, -360;
windaJazdaPoPietrachPostoje;SM-G935F;Stoi;W rece;1616498527000;-75.00000000;"IITiS PAN";04:bd:88:6f:e6:33, -360;
windaJazdaPoPietrachPostoje;SM-G935F;Stoi;W rece;1616498528000;-75.00000000;"IITiS PAN";04:bd:88:6f:e6:33, -360;
windaJazdaPoPietrachPostoje;SM-G935F;Stoi;W rece;1616498529000;-76.00000000;"IITiS PAN";04:bd:88:6f:e6:33, -360;
windaJazdaPoPietrachPostoje;SM-G935F;Stoi;W rece;1616498530000;-76.00000000;"IITiS PAN";04:bd:88:6f:e6:33, -360;
windaJazdaPoPietrachPostoje;SM-G935F;Stoi;W rece;1616498531000;-76.00000000;"IITiS PAN";04:bd:88:6f:e6:33, -360;
windaJazdaPoPietrachPostoje;SM-G935F;Stoi;W rece;1616498532000;-74.00000000;"IITiS PAN";04:bd:88:6f:e6:33, -360;
windaJazdaPoPietrachPostoje;SM-G935F;Stoi;W rece;1616498533000;-74.00000000;"IITiS PAN";04:bd:88:6f:e6:33, -360;
windaJazdaPoPietrachPostoje;SM-G935F;Stoi;W rece;1616498534000;-75.00000000;"IITiS PAN";04:bd:88:6f:e6:33, -360;
windaJazdaPoPietrachPostoje;SM-G935F;Stoi;W rece;1616498535000;-75.00000000;"IITiS PAN";04:bd:88:6f:e6:33, -360;
windaJazdaPoPietrachPostoje;SM-G935F;Stoi;W rece;1616498536000;-75.00000000;"IITiS PAN";04:bd:88:6f:e6:33, -360;
windaJazdaPoPietrachPostoje;SM-G935F;Stoi;W rece;1616498537000;-72.00000000;"IITiS PAN";04:bd:88:6f:e6:33, -360;
windaJazdaPoPietrachPostoje;SM-G935F;Stoi;W rece;1616498538000;-74.00000000;"IITiS PAN";04:bd:88:6f:e6:33, -360;
windaJazdaPoPietrachPostoje;SM-G935F;Stoi;W rece;1616498539000;-77.00000000;"IITiS PAN";04:bd:88:6f:e6:33, -360;
windaJazdaPoPietrachPostoje;SM-G935F;Stoi;W rece;1616498540000;-79.00000000;"IITiS PAN";04:bd:88:6f:e6:33, -360;
windaJazdaPoPietrachPostoje;SM-G935F;Stoi;W rece;1616498541000;-83.00000000;"IITiS PAN";04:bd:88:6f:e6:33, -360;
windaJazdaPoPietrachPostoje;SM-G935F;Winda/schody ruchome;W rece;1616498542000;-85.00000000;"IITiS PAN";04:bd:88:6f:e6:33, -360;
windaJazdaPoPietrachPostoje;SM-G935F;Winda/schody ruchome;W rece;1616498543000;-87.00000000;"IITiS PAN";04:bd:88:6f:e6:33, -360;
windaJazdaPoPietrachPostoje;SM-G935F;Winda/schody ruchome;W rece;1616498544000;-88.00000000;"IITiS PAN";04:bd:88:6f:e6:33, -360;
windaJazdaPoPietrachPostoje;SM-G935F;Winda/schody ruchome;W rece;1616498545000;-88.00000000;"IITiS PAN";04:bd:88:6f:e6:33, -360;
windaJazdaPoPietrachPostoje;SM-G935F;Winda/schody ruchome;W rece;1616498546000;-88.00000000;"IITiS PAN";04:bd:88:6f:e6:33, -360;
windaJazdaPoPietrachPostoje;SM-G935F;Winda/schody ruchome;W rece;1616498547000;-88.00000000;"IITiS PAN";04:bd:88:6f:e6:33, -360;
windaJazdaPoPietrachPostoje;SM-G935F;Winda/schody ruchome;W rece;1616498548000;-88.00000000;"IITiS PAN";04:bd:88:6f:e6:33, -360;
windaJazdaPoPietrachPostoje;SM-G935F;Winda/schody ruchome;W rece;1616498549000;-88.00000000;"IITiS PAN";04:bd:88:6f:e6:33, -360;
windaJazdaPoPietrachPostoje;SM-G935F;Winda/schody ruchome;W rece;1616498550000;-88.00000000;"IITiS PAN";04:bd:88:6f:e6:33, -360;
windaJazdaPoPietrachPostoje;SM-G935F;Winda/schody ruchome;W rece;1616498551000;-88.00000000;"IITiS PAN";04:bd:88:6f:e6:33, -360;
windaJazdaPoPietrachPostoje;SM-G935F;Winda/schody ruchome;W rece;1616498552000;-89.00000000;"IITiS PAN";04:bd:88:6f:e6:c3, -360;
windaJazdaPoPietrachPostoje;SM-G935F;Winda/schody ruchome;W rece;1616498553000;-90.00000000;"IITiS PAN";04:bd:88:6f:e6:c3, -360;
windaJazdaPoPietrachPostoje;SM-G935F;Winda/schody ruchome;W rece;1616498554000;-91.00000000;"IITiS PAN";04:bd:88:6f:e6:c3, -360;
windaJazdaPoPietrachPostoje;SM-G935F;Winda/schody ruchome;W rece;1616498555000;-91.00000000;"IITiS PAN";04:bd:88:6f:e6:c3, -360;
windaJazdaPoPietrachPostoje;SM-G935F;Winda/schody ruchome;W rece;1616498556000;-89.00000000;"IITiS PAN";04:bd:88:6f:e6:c3, -360;
windaJazdaPoPietrachPostoje;SM-G935F;Winda/schody ruchome;W rece;1616498557000;-89.00000000;"IITiS PAN";04:bd:88:6f:e6:c3, -360;
windaJazdaPoPietrachPostoje;SM-G935F;Winda/schody ruchome;W rece;1616498558000;-91.00000000;"IITiS PAN";04:bd:88:6f:e6:c3, -360;
windaJazdaPoPietrachPostoje;SM-G935F;Winda/schody ruchome;W rece;1616498559000;-92.00000000;"IITiS PAN";04:bd:88:6f:e6:c3, -360;
windaJazdaPoPietrachPostoje;SM-G935F;Stoi;W rece;1616498560000;-92.00000000;"IITiS PAN";04:bd:88:6f:e6:c3, -360;
windaJazdaPoPietrachPostoje;SM-G935F;Stoi;W rece;1616498561000;-91.00000000;"IITiS PAN";04:bd:88:6f:e6:c3, -360;
windaJazdaPoPietrachPostoje;SM-G935F;Stoi;W rece;1616498562000;-83.00000000;"IITiS PAN";04:bd:88:6f:e6:c3, -360;
windaJazdaPoPietrachPostoje;SM-G935F;Stoi;W rece;1616498563000;-71.00000000;"IITiS PAN";04:bd:88:6f:e6:c3, -360;
windaJazdaPoPietrachPostoje;SM-G935F;Stoi;W rece;1616498564000;-70.00000000;"IITiS PAN";04:bd:88:6f:e6:c3, -360;
windaJazdaPoPietrachPostoje;SM-G935F;Stoi;W rece;1616498565000;-69.00000000;"IITiS PAN";04:bd:88:6f:e6:c3, -360;
windaJazdaPoPietrachPostoje;SM-G935F;Stoi;W rece;1616498566000;-72.00000000;"IITiS PAN";04:bd:88:6f:e6:c3, -360;
windaJazdaPoPietrachPostoje;SM-G935F;Stoi;W rece;1616498567000;-72.00000000;"IITiS PAN";04:bd:88:6f:e6:c3, -360;
windaJazdaPoPietrachPostoje;SM-G935F;Stoi;W rece;1616498568000;-78.00000000;"IITiS PAN";04:bd:88:6f:e6:c3, -360;
windaJazdaPoPietrachPostoje;SM-G935F;Stoi;W rece;1616498569000;-77.00000000;"IITiS PAN";04:bd:88:6f:e6:c3, -360;
windaJazdaPoPietrachPostoje;SM-G935F;Stoi;W rece;1616498570000;-74.00000000;"IITiS PAN";04:bd:88:6f:e6:c3, -360;
windaJazdaPoPietrachPostoje;SM-G935F;Stoi;W rece;1616498571000;-73.00000000;"IITiS PAN";04:bd:88:6f:e6:c3, -360;
windaJazdaPoPietrachPostoje;SM-G935F;Stoi;W rece;1616498572000;-72.00000000;"IITiS PAN";04:bd:88:6f:e6:c3, -360;
windaJazdaPoPietrachPostoje;SM-G935F;Stoi;W rece;1616498573000;-72.00000000;"IITiS PAN";04:bd:88:6f:e6:c3, -360;
windaJazdaPoPietrachPostoje;SM-G935F;Stoi;W rece;1616498574000;-77.00000000;"IITiS PAN";04:bd:88:6f:e6:c3, -360;
windaJazdaPoPietrachPostoje;SM-G935F;Stoi;W rece;1616498575000;-78.00000000;"IITiS PAN";04:bd:88:6f:e6:c3, -360;
windaJazdaPoPietrachPostoje;SM-G935F;Stoi;W rece;1616498576000;-76.00000000;"IITiS PAN";04:bd:88:6f:e6:c3, -360;
windaJazdaPoPietrachPostoje;SM-G935F;Stoi;W rece;1616498577000;-76.00000000;"IITiS PAN";04:bd:88:6f:e6:c3, -360;
windaJazdaPoPietrachPostoje;SM-G935F;Stoi;W rece;1616498578000;-74.00000000;"IITiS PAN";04:bd:88:6f:e6:c3, -360;
windaJazdaPoPietrachPostoje;SM-G935F;Stoi;W rece;1616498579000;-72.00000000;"IITiS PAN";04:bd:88:6f:e6:c3, -360;
windaJazdaPoPietrachPostoje;SM-G935F;Stoi;W rece;1616498580000;-69.00000000;"IITiS PAN";04:bd:88:6f:e6:c3, -360;
windaJazdaPoPietrachPostoje;SM-G935F;Stoi;W rece;1616498581000;-65.00000000;"IITiS PAN";04:bd:88:6f:e6:c3, -360;
windaJazdaPoPietrachPostoje;SM-G935F;Stoi;W rece;1616498582000;-65.00000000;"IITiS PAN";04:bd:88:6f:e6:c3, -360;
windaJazdaPoPietrachPostoje;SM-G935F;Stoi;W rece;1616498583000;-65.00000000;"IITiS PAN";04:bd:88:6f:e6:c3, -360;
windaJazdaPoPietrachPostoje;SM-G935F;Stoi;W rece;1616498584000;-68.00000000;"IITiS PAN";04:bd:88:6f:e6:c3, -360;
windaJazdaPoPietrachPostoje;SM-G935F;Stoi;W rece;1616498585000;-71.00000000;"IITiS PAN";04:bd:88:6f:e6:c3, -360;
windaJazdaPoPietrachPostoje;SM-G935F;Stoi;W rece;1616498586000;-72.00000000;"IITiS PAN";04:bd:88:6f:e6:c3, -360;
windaJazdaPoPietrachPostoje;SM-G935F;Stoi;W rece;1616498587000;-68.00000000;"IITiS PAN";04:bd:88:6f:e6:c3, -360;
windaJazdaPoPietrachPostoje;SM-G935F;Stoi;W rece;1616498588000;-71.00000000;"IITiS PAN";04:bd:88:6f:e6:c3, -360;
windaJazdaPoPietrachPostoje;SM-G935F;Stoi;W rece;1616498589000;-73.00000000;"IITiS PAN";04:bd:88:6f:e6:c3, -360;
windaJazdaPoPietrachPostoje;SM-G935F;Stoi;W rece;1616498590000;-69.00000000;"IITiS PAN";04:bd:88:6f:e6:c3, -360;
windaJazdaPoPietrachPostoje;SM-G935F;Stoi;W rece;1616498591000;-69.00000000;"IITiS PAN";04:bd:88:6f:e6:c3, -360;
windaJazdaPoPietrachPostoje;SM-G935F;Stoi;W rece;1616498592000;-68.00000000;"IITiS PAN";04:bd:88:6f:e6:c3, -360;
windaJazdaPoPietrachPostoje;SM-G935F;Stoi;W rece;1616498593000;-65.00000000;"IITiS PAN";04:bd:88:6f:e6:c3, -360;
windaJazdaPoPietrachPostoje;SM-G935F;Stoi;W rece;1616498594000;-64.00000000;"IITiS PAN";04:bd:88:6f:e6:c3, -360;
windaJazdaPoPietrachPostoje;SM-G935F;Stoi;W rece;1616498595000;-68.00000000;"IITiS PAN";04:bd:88:6f:e6:c3, -360;
windaJazdaPoPietrachPostoje;SM-G935F;Stoi;W rece;1616498596000;-74.00000000;"IITiS PAN";04:bd:88:6f:e6:c3, -360;
windaJazdaPoPietrachPostoje;SM-G935F;Stoi;W rece;1616498597000;-78.00000000;"IITiS PAN";04:bd:88:6f:e6:c3, -360;
windaJazdaPoPietrachPostoje;SM-G935F;Winda/schody ruchome;W rece;1616498598000;-89.00000000;"IITiS PAN";04:bd:88:6f:e6:c3, -360;
windaJazdaPoPietrachPostoje;SM-G935F;Winda/schody ruchome;W rece;1616498599000;-89.00000000;"IITiS PAN";04:bd:88:6f:e6:c3, -360;
windaJazdaPoPietrachPostoje;SM-G935F;Winda/schody ruchome;W rece;1616498600000;-90.00000000;"IITiS PAN";04:bd:88:6f:e6:c3, -360;
windaJazdaPoPietrachPostoje;SM-G935F;Winda/schody ruchome;W rece;1616498601000;-89.00000000;"IITiS PAN";04:bd:88:6f:e6:c3, -360;
windaJazdaPoPietrachPostoje;SM-G935F;Winda/schody ruchome;W rece;1616498602000;-89.00000000;"IITiS PAN";04:bd:88:6f:e6:c3, -360;
windaJazdaPoPietrachPostoje;SM-G935F;Winda/schody ruchome;W rece;1616498603000;-89.00000000;"IITiS PAN";04:bd:88:6f:e6:c3, -360;
windaJazdaPoPietrachPostoje;SM-G935F;Winda/schody ruchome;W rece;1616498604000;-91.00000000;"IITiS PAN";04:bd:88:6f:e6:c3, -360;
windaJazdaPoPietrachPostoje;SM-G935F;Winda/schody ruchome;W rece;1616498605000;-93.00000000;"IITiS PAN";04:bd:88:6f:e6:c3, -360;
windaJazdaPoPietrachPostoje;SM-G935F;Winda/schody ruchome;W rece;1616498606000;-92.00000000;"IITiS PAN";04:bd:88:6f:e6:c3, -360;
windaJazdaPoPietrachPostoje;SM-G935F;Winda/schody ruchome;W rece;1616498607000;-92.00000000;"IITiS PAN";04:bd:88:6f:e6:c3, -360;
windaJazdaPoPietrachPostoje;SM-G935F;Winda/schody ruchome;W rece;1616498608000;-92.00000000;"IITiS PAN";04:bd:88:6f:e6:c3, -360;
windaJazdaPoPietrachPostoje;SM-G935F;Winda/schody ruchome;W rece;1616498609000;-91.00000000;"IITiS PAN";04:bd:88:6f:e6:c3, -360;
windaJazdaPoPietrachPostoje;SM-G935F;Winda/schody ruchome;W rece;1616498610000;-92.00000000;"IITiS PAN";04:bd:88:6f:e6:c3, -360;
windaJazdaPoPietrachPostoje;SM-G935F;Winda/schody ruchome;W rece;1616498611000;-93.00000000;"IITiS PAN";04:bd:88:6f:e6:c3, -360;
windaJazdaPoPietrachPostoje;SM-G935F;Winda/schody ruchome;W rece;1616498612000;-93.00000000;"IITiS PAN";04:bd:88:6f:e6:c3, -360;
windaJazdaPoPietrachPostoje;SM-G935F;Winda/schody ruchome;W rece;1616498613000;-95.00000000;"IITiS PAN";04:bd:88:6f:e6:c3, -360;
windaJazdaPoPietrachPostoje;SM-G935F;Winda/schody ruchome;W rece;1616498614000;-96.00000000;"IITiS PAN";04:bd:88:6f:e6:c3, -360;
windaJazdaPoPietrachPostoje;SM-G935F;Winda/schody ruchome;W rece;1616498615000;-96.00000000;"IITiS PAN";04:bd:88:6f:e6:c3, -360;
windaJazdaPoPietrachPostoje;SM-G935F;Stoi;W rece;1616498616000;-96.00000000;"IITiS PAN";04:bd:88:6f:e6:c3, -360;
windaJazdaPoPietrachPostoje;SM-G935F;Stoi;W rece;1616498617000;-96.00000000;"IITiS PAN";04:bd:88:6f:e6:c3, -360;
windaJazdaPoPietrachPostoje;SM-G935F;Stoi;W rece;1616498618000;-91.00000000;"IITiS PAN";04:bd:88:6f:e6:c3, -360;
windaJazdaPoPietrachPostoje;SM-G935F;Stoi;W rece;1616498619000;-82.00000000;"IITiS PAN";04:bd:88:6f:e6:c3, -360;
windaJazdaPoPietrachPostoje;SM-G935F;Stoi;W rece;1616498620000;-81.00000000;"IITiS PAN";04:bd:88:6f:e6:c3, -360;
windaJazdaPoPietrachPostoje;SM-G935F;Stoi;W rece;1616498621000;-78.00000000;"IITiS PAN";04:bd:88:6f:e6:c3, -360;
windaJazdaPoPietrachPostoje;SM-G935F;Stoi;W rece;1616498622000;-73.00000000;"IITiS PAN";04:bd:88:6f:e6:c3, -360;
windaJazdaPoPietrachPostoje;SM-G935F;Stoi;W rece;1616498623000;-73.00000000;"IITiS PAN";04:bd:88:6f:e6:c3, -360;
windaJazdaPoPietrachPostoje;SM-G935F;Stoi;W rece;1616498624000;-78.00000000;"IITiS PAN";04:bd:88:6f:e6:c3, -360;
windaJazdaPoPietrachPostoje;SM-G935F;Stoi;W rece;1616498625000;-79.00000000;"IITiS PAN";04:bd:88:6f:e6:c3, -360;
windaJazdaPoPietrachPostoje;SM-G935F;Stoi;W rece;1616498626000;-79.00000000;"IITiS PAN";04:bd:88:6f:e6:c3, -360;
windaJazdaPoPietrachPostoje;SM-G935F;Stoi;W rece;1616498627000;-81.00000000;"IITiS PAN";04:bd:88:6f:e6:c3, -360;
windaJazdaPoPietrachPostoje;SM-G935F;Stoi;W rece;1616498628000;-78.00000000;"IITiS PAN";04:bd:88:6f:e6:c3, -360;
windaJazdaPoPietrachPostoje;SM-G935F;Stoi;W rece;1616498629000;-78.00000000;"IITiS PAN";04:bd:88:6f:e6:c3, -360;
windaJazdaPoPietrachPostoje;SM-G935F;Stoi;W rece;1616498630000;-79.00000000;"IITiS PAN";04:bd:88:6f:e6:c3, -360;
windaJazdaPoPietrachPostoje;SM-G935F;Stoi;W rece;1616498631000;-83.00000000;"IITiS PAN";04:bd:88:6f:e6:c3, -360;
windaJazdaPoPietrachPostoje;SM-G935F;Stoi;W rece;1616498632000;-83.00000000;"IITiS PAN";04:bd:88:6f:e6:c3, -360;
windaJazdaPoPietrachPostoje;SM-G935F;Stoi;W rece;1616498633000;-80.00000000;"IITiS PAN";04:bd:88:6f:e6:c3, -360;
windaJazdaPoPietrachPostoje;SM-G935F;Stoi;W rece;1616498634000;-76.00000000;"IITiS PAN";04:bd:88:6f:e6:c3, -360;
windaJazdaPoPietrachPostoje;SM-G935F;Stoi;W rece;1616498635000;-73.00000000;"IITiS PAN";04:bd:88:6f:e6:c3, -360;
windaJazdaPoPietrachPostoje;SM-G935F;Stoi;W rece;1616498636000;-70.00000000;"IITiS PAN";04:bd:88:6f:e6:c3, -360;
windaJazdaPoPietrachPostoje;SM-G935F;Stoi;W rece;1616498637000;-68.00000000;"IITiS PAN";04:bd:88:6f:e6:c3, -360;
windaJazdaPoPietrachPostoje;SM-G935F;Stoi;W rece;1616498638000;-69.00000000;"IITiS PAN";04:bd:88:6f:e6:c3, -360;
windaJazdaPoPietrachPostoje;SM-G935F;Stoi;W rece;1616498639000;-69.00000000;"IITiS PAN";04:bd:88:6f:e6:c3, -360;
windaJazdaPoPietrachPostoje;SM-G935F;Stoi;W rece;1616498640000;-69.00000000;"IITiS PAN";04:bd:88:6f:e6:c3, -360;
windaJazdaPoPietrachPostoje;SM-G935F;Stoi;W rece;1616498641000;-71.00000000;"IITiS PAN";04:bd:88:6f:e6:c3, -360;
windaJazdaPoPietrachPostoje;SM-G935F;Stoi;W rece;1616498642000;-76.00000000;"IITiS PAN";04:bd:88:6f:e6:c3, -360;
windaJazdaPoPietrachPostoje;SM-G935F;Stoi;W rece;1616498643000;-78.00000000;"IITiS PAN";04:bd:88:6f:e6:c3, -360;
windaJazdaPoPietrachPostoje;SM-G935F;Stoi;W rece;1616498644000;-79.00000000;"IITiS PAN";04:bd:88:6f:e6:c3, -360;
windaJazdaPoPietrachPostoje;SM-G935F;Stoi;W rece;1616498645000;-78.00000000;"IITiS PAN";04:bd:88:6f:e6:c3, -360;
windaJazdaPoPietrachPostoje;SM-G935F;Stoi;W rece;1616498646000;-76.00000000;"IITiS PAN";04:bd:88:6f:e6:c3, -360;
windaJazdaPoPietrachPostoje;SM-G935F;Stoi;W rece;1616498647000;-78.00000000;"IITiS PAN";04:bd:88:6f:e6:c3, -360;
windaJazdaPoPietrachPostoje;SM-G935F;Stoi;W rece;1616498648000;-80.00000000;"IITiS PAN";04:bd:88:6f:e6:c3, -360;
windaJazdaPoPietrachPostoje;SM-G935F;Stoi;W rece;1616498649000;-81.00000000;"IITiS PAN";04:bd:88:6f:e6:c3, -360;
windaJazdaPoPietrachPostoje;SM-G935F;Stoi;W rece;1616498650000;-78.00000000;"IITiS PAN";04:bd:88:6f:e6:c3, -360;
windaJazdaPoPietrachPostoje;SM-G935F;Stoi;W rece;1616498651000;-77.00000000;"IITiS PAN";04:bd:88:6f:e6:c3, -360;
windaJazdaPoPietrachPostoje;SM-G935F;Stoi;W rece;1616498652000;-77.00000000;"IITiS PAN";04:bd:88:6f:e6:c3, -360;
windaJazdaPoPietrachPostoje;SM-G935F;Stoi;W rece;1616498653000;-80.00000000;"IITiS PAN";04:bd:88:6f:e6:c3, -360;
windaJazdaPoPietrachPostoje;SM-G935F;Stoi;W rece;1616498654000;-82.00000000;"IITiS PAN";04:bd:88:6f:e6:c3, -360;
windaJazdaPoPietrachPostoje;SM-G935F;Stoi;W rece;1616498655000;-85.00000000;"IITiS PAN";04:bd:88:6f:e6:c3, -360;
windaJazdaPoPietrachPostoje;SM-G935F;Winda/schody ruchome;W rece;1616498656000;-91.00000000;"IITiS PAN";04:bd:88:6f:e6:c3, -360;
windaJazdaPoPietrachPostoje;SM-G935F;Winda/schody ruchome;W rece;1616498657000;-93.00000000;"IITiS PAN";04:bd:88:6f:e6:c3, -360;
windaJazdaPoPietrachPostoje;SM-G935F;Winda/schody ruchome;W rece;1616498658000;-97.00000000;"IITiS PAN";04:bd:88:6f:e6:c3, -360;
windaJazdaPoPietrachPostoje;SM-G935F;Winda/schody ruchome;W rece;1616498659000;-96.00000000;"IITiS PAN";04:bd:88:6f:e6:c3, -360;
windaJazdaPoPietrachPostoje;SM-G935F;Winda/schody ruchome;W rece;1616498660000;-96.00000000;"IITiS PAN";04:bd:88:6f:e6:c3, -360;
windaJazdaPoPietrachPostoje;SM-G935F;Winda/schody ruchome;W rece;1616498661000;-96.00000000;"IITiS PAN";04:bd:88:6f:e6:c3, -360;
windaJazdaPoPietrachPostoje;SM-G935F;Winda/schody ruchome;W rece;1616498662000;-95.00000000;"IITiS PAN";04:bd:88:6f:e6:c3, -360;
windaJazdaPoPietrachPostoje;SM-G935F;Winda/schody ruchome;W rece;1616498663000;-95.00000000;"IITiS PAN";04:bd:88:6f:e6:c3, -360;
windaJazdaPoPietrachPostoje;SM-G935F;Winda/schody ruchome;W rece;1616498664000;-95.00000000;"IITiS PAN";04:bd:88:6f:e6:c3, -360;
windaJazdaPoPietrachPostoje;SM-G935F;Winda/schody ruchome;W rece;1616498665000;-96.00000000;"IITiS PAN";04:bd:88:6f:e6:c3, -360;
windaJazdaPoPietrachPostoje;SM-G935F;Winda/schody ruchome;W rece;1616498666000;-96.00000000;"IITiS PAN";04:bd:88:6f:e6:c3, -360;
windaJazdaPoPietrachPostoje;SM-G935F;Winda/schody ruchome;W rece;1616498667000;-96.00000000;"IITiS PAN";04:bd:88:6f:e6:c3, -360;
windaJazdaPoPietrachPostoje;SM-G935F;Winda/schody ruchome;W rece;1616498668000;-96.00000000;"IITiS PAN";04:bd:88:6f:e6:c3, -360;
windaJazdaPoPietrachPostoje;SM-G935F;Winda/schody ruchome;W rece;1616498669000;-97.00000000;"IITiS PAN";04:bd:88:6f:e6:c3, -360;
windaJazdaPoPietrachPostoje;SM-G935F;Winda/schody ruchome;W rece;1616498670000;-97.00000000;"IITiS PAN";04:bd:88:6f:e6:c3, -360;
windaJazdaPoPietrachPostoje;SM-G935F;Winda/schody ruchome;W rece;1616498671000;-97.00000000;"IITiS PAN";04:bd:88:6f:e6:c3, -360;
windaJazdaPoPietrachPostoje;SM-G935F;Winda/schody ruchome;W rece;1616498672000;-97.00000000;"IITiS PAN";04:bd:88:6f:e6:c3, -360;
windaJazdaPoPietrachPostoje;SM-G935F;Winda/schody ruchome;W rece;1616498673000;-97.00000000;"IITiS PAN";04:bd:88:6f:e6:c3, -360;
windaJazdaPoPietrachPostoje;SM-G935F;Winda/schody ruchome;W rece;1616498674000;-97.00000000;"IITiS PAN";04:bd:88:6f:e6:c3, -360;
windaJazdaPoPietrachPostoje;SM-G935F;Stoi;W rece;1616498675000;-97.00000000;"IITiS PAN";04:bd:88:6f:e6:c3, -360;
windaJazdaPoPietrachPostoje;SM-G935F;Stoi;W rece;1616498676000;-87.00000000;"IITiS PAN";04:bd:88:6f:e6:c3, -360;
windaJazdaPoPietrachPostoje;SM-G935F;Stoi;W rece;1616498677000;-87.00000000;"IITiS PAN";04:bd:88:6f:e6:c3, -360;
windaJazdaPoPietrachPostoje;SM-G935F;Stoi;W rece;1616498678000;-88.00000000;"IITiS PAN";04:bd:88:6f:e6:c3, -360;
windaJazdaPoPietrachPostoje;SM-G935F;Stoi;W rece;1616498679000;-85.00000000;"IITiS PAN";04:bd:88:6f:e6:c3, -360;
windaJazdaPoPietrachPostoje;SM-G935F;Stoi;W rece;1616498680000;-86.00000000;"IITiS PAN";04:bd:88:6f:e6:c3, -360;
windaJazdaPoPietrachPostoje;SM-G935F;Stoi;W rece;1616498681000;-87.00000000;"IITiS PAN";04:bd:88:6f:e6:c3, -360;
windaJazdaPoPietrachPostoje;SM-G935F;Stoi;W rece;1616498682000;-89.00000000;"IITiS PAN";04:bd:88:6f:e6:c3, -360;
windaJazdaPoPietrachPostoje;SM-G935F;Stoi;W rece;1616498683000;-90.00000000;"IITiS PAN";04:bd:88:6f:e6:c3, -360;
windaJazdaPoPietrachPostoje;SM-G935F;Stoi;W rece;1616498684000;-89.00000000;"IITiS PAN";04:bd:88:6f:e6:c3, -360;
windaJazdaPoPietrachPostoje;SM-G935F;Stoi;W rece;1616498685000;-88.00000000;"IITiS PAN";04:bd:88:6f:e6:c3, -360;
windaJazdaPoPietrachPostoje;SM-G935F;Stoi;W rece;1616498686000;-89.00000000;"IITiS PAN";04:bd:88:6f:e6:c3, -360;
windaJazdaPoPietrachPostoje;SM-G935F;Stoi;W rece;1616498687000;-90.00000000;"IITiS PAN";04:bd:88:6f:e6:c3, -360;
windaJazdaPoPietrachPostoje;SM-G935F;Stoi;W rece;1616498688000;-91.00000000;"IITiS PAN";04:bd:88:6f:e6:c3, -360;
windaJazdaPoPietrachPostoje;SM-G935F;Stoi;W rece;1616498689000;-90.00000000;"IITiS PAN";04:bd:88:6f:e6:c3, -360;
windaJazdaPoPietrachPostoje;SM-G935F;Stoi;W rece;1616498690000;-90.00000000;"IITiS PAN";04:bd:88:6f:e6:c3, -360;
windaJazdaPoPietrachPostoje;SM-G935F;Stoi;W rece;1616498691000;-91.00000000;"IITiS PAN";04:bd:88:6f:e6:c3, -360;
windaJazdaPoPietrachPostoje;SM-G935F;Stoi;W rece;1616498692000;-92.00000000;"IITiS PAN";04:bd:88:6f:e6:c3, -360;
windaJazdaPoPietrachPostoje;SM-G935F;Stoi;W rece;1616498693000;-91.00000000;"IITiS PAN";04:bd:88:6f:e6:c3, -360;
windaJazdaPoPietrachPostoje;SM-G935F;Stoi;W rece;1616498694000;-93.00000000;"IITiS PAN";04:bd:88:6f:e6:c3, -360;
windaJazdaPoPietrachPostoje;SM-G935F;Stoi;W rece;1616498695000;-93.00000000;"IITiS PAN";04:bd:88:6f:e6:c3, -360;
windaJazdaPoPietrachPostoje;SM-G935F;Stoi;W rece;1616498696000;-92.00000000;"IITiS PAN";04:bd:88:6f:e6:c3, -360;
windaJazdaPoPietrachPostoje;SM-G935F;Stoi;W rece;1616498697000;-90.00000000;"IITiS PAN";04:bd:88:6f:e6:c3, -360;
windaJazdaPoPietrachPostoje;SM-G935F;Stoi;W rece;1616498698000;-90.00000000;"IITiS PAN";04:bd:88:6f:e6:c3, -360;
windaJazdaPoPietrachPostoje;SM-G935F;Stoi;W rece;1616498699000;-89.00000000;"IITiS PAN";04:bd:88:6f:e6:c3, -360;
windaJazdaPoPietrachPostoje;SM-G935F;Stoi;W rece;1616498700000;-86.00000000;"IITiS PAN";04:bd:88:6f:e6:c3, -360;
windaJazdaPoPietrachPostoje;SM-G935F;Stoi;W rece;1616498701000;-88.00000000;"IITiS PAN";04:bd:88:6f:e6:c3, -360;
windaJazdaPoPietrachPostoje;SM-G935F;Stoi;W rece;1616498702000;-87.00000000;"IITiS PAN";04:bd:88:6f:e6:c3, -360;
windaJazdaPoPietrachPostoje;SM-G935F;Stoi;W rece;1616498703000;-83.00000000;"IITiS PAN";04:bd:88:6f:e6:c3, -360;
windaJazdaPoPietrachPostoje;SM-G935F;Stoi;W rece;1616498704000;-81.00000000;"IITiS PAN";04:bd:88:6f:e6:c3, -360;
windaJazdaPoPietrachPostoje;SM-G935F;Stoi;W rece;1616498705000;-87.00000000;"IITiS PAN";04:bd:88:6f:e6:c3, -360;
windaJazdaPoPietrachPostoje;SM-G935F;Stoi;W rece;1616498706000;-88.00000000;"IITiS PAN";04:bd:88:6f:e6:c3, -360;
windaJazdaPoPietrachPostoje;SM-G935F;Stoi;W rece;1616498707000;-91.00000000;"IITiS PAN";04:bd:88:6f:e6:c3, -360;
windaJazdaPoPietrachPostoje;SM-G935F;Stoi;W rece;1616498708000;-94.00000000;"IITiS PAN";04:bd:88:6f:e6:c3, -360;
windaJazdaPoPietrachPostoje;SM-G935F;Winda/schody ruchome;W rece;1616498709000;-94.00000000;"IITiS PAN";04:bd:88:6f:e6:c3, -360;
windaJazdaPoPietrachPostoje;SM-G935F;Winda/schody ruchome;W rece;1616498710000;-94.00000000;"IITiS PAN";04:bd:88:6f:e6:c3, -360;
windaJazdaPoPietrachPostoje;SM-G935F;Winda/schody ruchome;W rece;1616498711000;-94.00000000;"IITiS PAN";04:bd:88:6f:e6:c3, -360;
windaJazdaPoPietrachPostoje;SM-G935F;Winda/schody ruchome;W rece;1616498712000;-94.00000000;"IITiS PAN";04:bd:88:6f:e6:c3, -360;
windaJazdaPoPietrachPostoje;SM-G935F;Winda/schody ruchome;W rece;1616498713000;-94.00000000;"IITiS PAN";04:bd:88:6f:e6:c3, -360;
windaJazdaPoPietrachPostoje;SM-G935F;Winda/schody ruchome;W rece;1616498714000;-94.00000000;"IITiS PAN";04:bd:88:6f:e6:c3, -360;
windaJazdaPoPietrachPostoje;SM-G935F;Winda/schody ruchome;W rece;1616498715000;-95.00000000;"IITiS PAN";04:bd:88:6f:e6:c3, -360;
windaJazdaPoPietrachPostoje;SM-G935F;Winda/schody ruchome;W rece;1616498716000;-95.00000000;"IITiS PAN";04:bd:88:6f:e6:c3, -360;
windaJazdaPoPietrachPostoje;SM-G935F;Winda/schody ruchome;W rece;1616498717000;-96.00000000;"IITiS PAN";04:bd:88:6f:e6:c3, -360;
windaJazdaPoPietrachPostoje;SM-G935F;Winda/schody ruchome;W rece;1616498718000;-96.00000000;"IITiS PAN";04:bd:88:6f:e6:c3, -360;
windaJazdaPoPietrachPostoje;SM-G935F;Winda/schody ruchome;W rece;1616498719000;-96.00000000;"IITiS PAN";04:bd:88:6f:e6:c3, -360;
windaJazdaPoPietrachPostoje;SM-G935F;Winda/schody ruchome;W rece;1616498720000;-96.00000000;"IITiS PAN";04:bd:88:6f:e6:c3, -360;
windaJazdaPoPietrachPostoje;SM-G935F;Winda/schody ruchome;W rece;1616498721000;-97.00000000;"IITiS PAN";04:bd:88:6f:e6:c3, -360;
windaJazdaPoPietrachPostoje;SM-G935F;Winda/schody ruchome;W rece;1616498722000;-96.00000000;"IITiS PAN";04:bd:88:6f:e6:c3, -360;
windaJazdaPoPietrachPostoje;SM-G935F;Winda/schody ruchome;W rece;1616498723000;-96.00000000;"IITiS PAN";04:bd:88:6f:e6:c3, -360;
windaJazdaPoPietrachPostoje;SM-G935F;Winda/schody ruchome;W rece;1616498724000;-96.00000000;"IITiS PAN";04:bd:88:6f:e6:c3, -360;
windaJazdaPoPietrachPostoje;SM-G935F;Winda/schody ruchome;W rece;1616498725000;-96.00000000;"IITiS PAN";04:bd:88:6f:e6:c3, -360;
windaJazdaPoPietrachPostoje;SM-G935F;Winda/schody ruchome;W rece;1616498726000;-95.00000000;"IITiS PAN";04:bd:88:6f:e6:c3, -360;
windaJazdaPoPietrachPostoje;SM-G935F;Stoi;W rece;1616498727000;-95.00000000;"IITiS PAN";04:bd:88:6f:e6:c3, -360;
windaJazdaPoPietrachPostoje;SM-G935F;Stoi;W rece;1616498728000;-96.00000000;"IITiS PAN";04:bd:88:6f:e6:c3, -360;
windaJazdaPoPietrachPostoje;SM-G935F;Stoi;W rece;1616498729000;-96.00000000;"IITiS PAN";04:bd:88:6f:e6:c3, -360;
windaJazdaPoPietrachPostoje;SM-G935F;Stoi;W rece;1616498730000;-89.00000000;"IITiS PAN";04:bd:88:6f:e6:c3, -360;
windaJazdaPoPietrachPostoje;SM-G935F;Stoi;W rece;1616498731000;-80.00000000;"IITiS PAN";04:bd:88:6f:e6:c3, -360;
windaJazdaPoPietrachPostoje;SM-G935F;Stoi;W rece;1616498732000;-80.00000000;"IITiS PAN";04:bd:88:6f:e6:c3, -360;
windaJazdaPoPietrachPostoje;SM-G935F;Stoi;W rece;1616498733000;-78.00000000;"IITiS PAN";04:bd:88:6f:e6:c3, -360;
windaJazdaPoPietrachPostoje;SM-G935F;Stoi;W rece;1616498734000;-75.00000000;"IITiS PAN";04:bd:88:6f:e6:c3, -360;
windaJazdaPoPietrachPostoje;SM-G935F;Stoi;W rece;1616498735000;-75.00000000;"IITiS PAN";04:bd:88:6f:e6:c3, -360;
windaJazdaPoPietrachPostoje;SM-G935F;Stoi;W rece;1616498736000;-75.00000000;"IITiS PAN";04:bd:88:6f:e6:c3, -360;
windaJazdaPoPietrachPostoje;SM-G935F;Stoi;W rece;1616498737000;-73.00000000;"IITiS PAN";04:bd:88:6f:e6:c3, -360;
windaJazdaPoPietrachPostoje;SM-G935F;Stoi;W rece;1616498738000;-71.00000000;"IITiS PAN";04:bd:88:6f:e6:c3, -360;
windaJazdaPoPietrachPostoje;SM-G935F;Stoi;W rece;1616498739000;-70.00000000;"IITiS PAN";04:bd:88:6f:e6:c3, -360;
windaJazdaPoPietrachPostoje;SM-G935F;Stoi;W rece;1616498740000;-69.00000000;"IITiS PAN";04:bd:88:6f:e6:c3, -360;
windaJazdaPoPietrachPostoje;SM-G935F;Stoi;W rece;1616498741000;-67.00000000;"IITiS PAN";04:bd:88:6f:e6:c3, -360;
windaJazdaPoPietrachPostoje;SM-G935F;Stoi;W rece;1616498742000;-68.00000000;"IITiS PAN";04:bd:88:6f:e6:c3, -360;
windaJazdaPoPietrachPostoje;SM-G935F;Stoi;W rece;1616498743000;-68.00000000;"IITiS PAN";04:bd:88:6f:e6:c3, -360;
windaJazdaPoPietrachPostoje;SM-G935F;Stoi;W rece;1616498744000;-67.00000000;"IITiS PAN";04:bd:88:6f:e6:c3, -360;
windaJazdaPoPietrachPostoje;SM-G935F;Stoi;W rece;1616498745000;-68.00000000;"IITiS PAN";04:bd:88:6f:e6:c3, -360;
windaJazdaPoPietrachPostoje;SM-G935F;Stoi;W rece;1616498746000;-68.00000000;"IITiS PAN";04:bd:88:6f:e6:c3, -360;
windaJazdaPoPietrachPostoje;SM-G935F;Stoi;W rece;1616498747000;-67.00000000;"IITiS PAN";04:bd:88:6f:e6:c3, -360;
windaJazdaPoPietrachPostoje;SM-G935F;Stoi;W rece;1616498748000;-67.00000000;"IITiS PAN";04:bd:88:6f:e6:c3, -360;
windaJazdaPoPietrachPostoje;SM-G935F;Stoi;W rece;1616498749000;-67.00000000;"IITiS PAN";04:bd:88:6f:e6:c3, -360;
windaJazdaPoPietrachPostoje;SM-G935F;Stoi;W rece;1616498750000;-68.00000000;"IITiS PAN";04:bd:88:6f:e6:c3, -360;
windaJazdaPoPietrachPostoje;SM-G935F;Stoi;W rece;1616498751000;-68.00000000;"IITiS PAN";04:bd:88:6f:e6:c3, -360;
windaJazdaPoPietrachPostoje;SM-G935F;Stoi;W rece;1616498752000;-67.00000000;"IITiS PAN";04:bd:88:6f:e6:c3, -360;
windaJazdaPoPietrachPostoje;SM-G935F;Stoi;W rece;1616498753000;-64.00000000;"IITiS PAN";04:bd:88:6f:e6:c3, -360;
windaJazdaPoPietrachPostoje;SM-G935F;Stoi;W rece;1616498754000;-69.00000000;"IITiS PAN";04:bd:88:6f:e6:c3, -360;
windaJazdaPoPietrachPostoje;SM-G935F;Stoi;W rece;1616498755000;-75.00000000;"IITiS PAN";04:bd:88:6f:e6:c3, -360;
windaJazdaPoPietrachPostoje;SM-G935F;Stoi;W rece;1616498756000;-79.00000000;"IITiS PAN";04:bd:88:6f:e6:c3, -360;
windaJazdaPoPietrachPostoje;SM-G935F;Stoi;W rece;1616498757000;-78.00000000;"IITiS PAN";04:bd:88:6f:e6:c3, -360;
windaJazdaPoPietrachPostoje;SM-G935F;Stoi;W rece;1616498758000;-78.00000000;"IITiS PAN";04:bd:88:6f:e6:c3, -360;
windaJazdaPoPietrachPostoje;SM-G935F;Stoi;W rece;1616498759000;-80.00000000;"IITiS PAN";04:bd:88:6f:e6:c3, -360;
windaJazdaPoPietrachPostoje;SM-G935F;Stoi;W rece;1616498760000;-82.00000000;"IITiS PAN";04:bd:88:6f:e6:c3, -360;
windaJazdaPoPietrachPostoje;SM-G935F;Stoi;W rece;1616498761000;-82.00000000;"IITiS PAN";04:bd:88:6f:e6:c3, -360;
windaJazdaPoPietrachPostoje;SM-G935F;Stoi;W rece;1616498762000;-81.00000000;"IITiS PAN";04:bd:88:6f:e6:c3, -360;
windaJazdaPoPietrachPostoje;SM-G935F;Stoi;W rece;1616498763000;-79.00000000;"IITiS PAN";04:bd:88:6f:e6:c3, -360;
windaJazdaPoPietrachPostoje;SM-G935F;Stoi;W rece;1616498764000;-79.00000000;"IITiS PAN";04:bd:88:6f:e6:c3, -360;
windaJazdaPoPietrachPostoje;SM-G935F;Stoi;W rece;1616498765000;-86.00000000;"IITiS PAN";04:bd:88:6f:e6:c3, -360;
windaJazdaPoPietrachPostoje;SM-G935F;Winda/schody ruchome;W rece;1616498766000;-87.00000000;"IITiS PAN";04:bd:88:6f:e6:c3, -360;
windaJazdaPoPietrachPostoje;SM-G935F;Winda/schody ruchome;W rece;1616498767000;-89.00000000;"IITiS PAN";04:bd:88:6f:e6:c3, -360;
windaJazdaPoPietrachPostoje;SM-G935F;Winda/schody ruchome;W rece;1616498768000;-90.00000000;"IITiS PAN";04:bd:88:6f:e6:c3, -360;
windaJazdaPoPietrachPostoje;SM-G935F;Winda/schody ruchome;W rece;1616498769000;-92.00000000;"IITiS PAN";04:bd:88:6f:e6:c3, -360;
windaJazdaPoPietrachPostoje;SM-G935F;Winda/schody ruchome;W rece;1616498770000;-94.00000000;"IITiS PAN";04:bd:88:6f:e6:c3, -360;
windaJazdaPoPietrachPostoje;SM-G935F;Winda/schody ruchome;W rece;1616498771000;-92.00000000;"IITiS PAN";04:bd:88:6f:e6:c3, -360;
windaJazdaPoPietrachPostoje;SM-G935F;Winda/schody ruchome;W rece;1616498772000;-91.00000000;"IITiS PAN";04:bd:88:6f:e6:c3, -360;
windaJazdaPoPietrachPostoje;SM-G935F;Winda/schody ruchome;W rece;1616498773000;-89.00000000;"IITiS PAN";04:bd:88:6f:e6:c3, -360;
windaJazdaPoPietrachPostoje;SM-G935F;Winda/schody ruchome;W rece;1616498774000;-89.00000000;"IITiS PAN";04:bd:88:6f:e6:c3, -360;
windaJazdaPoPietrachPostoje;SM-G935F;Winda/schody ruchome;W rece;1616498775000;-90.00000000;"IITiS PAN";04:bd:88:6f:e6:c3, -360;
windaJazdaPoPietrachPostoje;SM-G935F;Winda/schody ruchome;W rece;1616498776000;-90.00000000;"IITiS PAN";04:bd:88:6f:e6:c3, -360;
windaJazdaPoPietrachPostoje;SM-G935F;Winda/schody ruchome;W rece;1616498777000;-92.00000000;"IITiS PAN";04:bd:88:6f:e6:c3, -360;
windaJazdaPoPietrachPostoje;SM-G935F;Winda/schody ruchome;W rece;1616498778000;-93.00000000;"IITiS PAN";04:bd:88:6f:e6:c3, -360;
windaJazdaPoPietrachPostoje;SM-G935F;Winda/schody ruchome;W rece;1616498779000;-90.00000000;"IITiS PAN";04:bd:88:6f:e6:c3, -360;
windaJazdaPoPietrachPostoje;SM-G935F;Winda/schody ruchome;W rece;1616498780000;-90.00000000;"IITiS PAN";04:bd:88:6f:e6:c3, -360;
windaJazdaPoPietrachPostoje;SM-G935F;Winda/schody ruchome;W rece;1616498781000;-92.00000000;"IITiS PAN";04:bd:88:6f:e6:c3, -360;
windaJazdaPoPietrachPostoje;SM-G935F;Winda/schody ruchome;W rece;1616498782000;-91.00000000;"IITiS PAN";04:bd:88:6f:e6:c3, -360;
windaJazdaPoPietrachPostoje;SM-G935F;Winda/schody ruchome;W rece;1616498783000;-90.00000000;"IITiS PAN";04:bd:88:6f:e6:c3, -360;
windaJazdaPoPietrachPostoje;SM-G935F;Stoi;W rece;1616498784000;-93.00000000;"IITiS PAN";04:bd:88:6f:e6:c3, -360;
windaJazdaPoPietrachPostoje;SM-G935F;Stoi;W rece;1616498785000;-91.00000000;"IITiS PAN";04:bd:88:6f:e6:c3, -360;
windaJazdaPoPietrachPostoje;SM-G935F;Stoi;W rece;1616498786000;-82.00000000;"IITiS PAN";04:bd:88:6f:e6:c3, -360;
windaJazdaPoPietrachPostoje;SM-G935F;Stoi;W rece;1616498787000;-76.00000000;"IITiS PAN";04:bd:88:6f:e6:c3, -360;
windaJazdaPoPietrachPostoje;SM-G935F;Stoi;W rece;1616498788000;-70.00000000;"IITiS PAN";04:bd:88:6f:e6:c3, -360;
windaJazdaPoPietrachPostoje;SM-G935F;Stoi;W rece;1616498789000;-66.00000000;"IITiS PAN";04:bd:88:6f:e6:c3, -360;
windaJazdaPoPietrachPostoje;SM-G935F;Stoi;W rece;1616498790000;-67.00000000;"IITiS PAN";04:bd:88:6f:e6:c3, -360;
windaJazdaPoPietrachPostoje;SM-G935F;Stoi;W rece;1616498791000;-69.00000000;"IITiS PAN";04:bd:88:6f:e6:c3, -360;
windaJazdaPoPietrachPostoje;SM-G935F;Stoi;W rece;1616498792000;-73.00000000;"IITiS PAN";04:bd:88:6f:e6:c3, -360;
windaJazdaPoPietrachPostoje;SM-G935F;Stoi;W rece;1616498793000;-71.00000000;"IITiS PAN";04:bd:88:6f:e6:c3, -360;
windaJazdaPoPietrachPostoje;SM-G935F;Stoi;W rece;1616498794000;-68.00000000;"IITiS PAN";04:bd:88:6f:e6:c3, -360;
windaJazdaPoPietrachPostoje;SM-G935F;Stoi;W rece;1616498795000;-68.00000000;"IITiS PAN";04:bd:88:6f:e6:c3, -360;
windaJazdaPoPietrachPostoje;SM-G935F;Stoi;W rece;1616498796000;-68.00000000;"IITiS PAN";04:bd:88:6f:e6:c3, -360;
windaJazdaPoPietrachPostoje;SM-G935F;Stoi;W rece;1616498797000;-68.00000000;"IITiS PAN";04:bd:88:6f:e6:c3, -360;
windaJazdaPoPietrachPostoje;SM-G935F;Stoi;W rece;1616498798000;-67.00000000;"IITiS PAN";04:bd:88:6f:e6:c3, -360;
windaJazdaPoPietrachPostoje;SM-G935F;Stoi;W rece;1616498799000;-66.00000000;"IITiS PAN";04:bd:88:6f:e6:c3, -360;
windaJazdaPoPietrachPostoje;SM-G935F;Stoi;W rece;1616498800000;-67.00000000;"IITiS PAN";04:bd:88:6f:e6:c3, -360;
windaJazdaPoPietrachPostoje;SM-G935F;Stoi;W rece;1616498801000;-65.00000000;"IITiS PAN";04:bd:88:6f:e6:c3, -360;
windaJazdaPoPietrachPostoje;SM-G935F;Stoi;W rece;1616498802000;-63.00000000;"IITiS PAN";04:bd:88:6f:e6:c3, -360;
windaJazdaPoPietrachPostoje;SM-G935F;Stoi;W rece;1616498803000;-65.00000000;"IITiS PAN";04:bd:88:6f:e6:c3, -360;
windaJazdaPoPietrachPostoje;SM-G935F;Stoi;W rece;1616498804000;-68.00000000;"IITiS PAN";04:bd:88:6f:e6:c3, -360;
windaJazdaPoPietrachPostoje;SM-G935F;Stoi;W rece;1616498805000;-70.00000000;"IITiS PAN";04:bd:88:6f:e6:c3, -360;
windaJazdaPoPietrachPostoje;SM-G935F;Stoi;W rece;1616498806000;-69.00000000;"IITiS PAN";04:bd:88:6f:e6:c3, -360;
windaJazdaPoPietrachPostoje;SM-G935F;Stoi;W rece;1616498807000;-68.00000000;"IITiS PAN";04:bd:88:6f:e6:c3, -360;
windaJazdaPoPietrachPostoje;SM-G935F;Stoi;W rece;1616498808000;-68.00000000;"IITiS PAN";04:bd:88:6f:e6:c3, -360;
windaJazdaPoPietrachPostoje;SM-G935F;Stoi;W rece;1616498809000;-71.00000000;"IITiS PAN";04:bd:88:6f:e6:c3, -360;
windaJazdaPoPietrachPostoje;SM-G935F;Stoi;W rece;1616498810000;-72.00000000;"IITiS PAN";04:bd:88:6f:e6:c3, -360;
windaJazdaPoPietrachPostoje;SM-G935F;Stoi;W rece;1616498811000;-71.00000000;"IITiS PAN";04:bd:88:6f:e6:c3, -360;
windaJazdaPoPietrachPostoje;SM-G935F;Stoi;W rece;1616498812000;-68.00000000;"IITiS PAN";04:bd:88:6f:e6:c3, -360;
windaJazdaPoPietrachPostoje;SM-G935F;Stoi;W rece;1616498813000;-70.00000000;"IITiS PAN";04:bd:88:6f:e6:c3, -360;
windaJazdaPoPietrachPostoje;SM-G935F;Stoi;W rece;1616498814000;-75.00000000;"IITiS PAN";04:bd:88:6f:e6:c3, -360;
windaJazdaPoPietrachPostoje;SM-G935F;Stoi;W rece;1616498815000;-75.00000000;"IITiS PAN";04:bd:88:6f:e6:c3, -360;
windaJazdaPoPietrachPostoje;SM-G935F;Stoi;W rece;1616498816000;-74.00000000;"IITiS PAN";04:bd:88:6f:e6:c3, -360;
windaJazdaPoPietrachPostoje;SM-G935F;Stoi;W rece;1616498817000;-72.00000000;"IITiS PAN";04:bd:88:6f:e6:c3, -360;
windaJazdaPoPietrachPostoje;SM-G935F;Stoi;W rece;1616498818000;-73.00000000;"IITiS PAN";04:bd:88:6f:e6:c3, -360;
windaJazdaPoPietrachPostoje;SM-G935F;Stoi;W rece;1616498819000;-76.00000000;"IITiS PAN";04:bd:88:6f:e6:c3, -360;
windaJazdaPoPietrachPostoje;SM-G935F;Stoi;W rece;1616498820000;-78.00000000;"IITiS PAN";04:bd:88:6f:e6:c3, -360;
windaJazdaPoPietrachPostoje;SM-G935F;Winda/schody ruchome;W rece;1616498821000;-79.00000000;"IITiS PAN";04:bd:88:6f:e6:c3, -360;
windaJazdaPoPietrachPostoje;SM-G935F;Winda/schody ruchome;W rece;1616498822000;-81.00000000;"IITiS PAN";04:bd:88:6f:e6:c3, -360;
windaJazdaPoPietrachPostoje;SM-G935F;Winda/schody ruchome;W rece;1616498823000;-84.00000000;"IITiS PAN";04:bd:88:6f:e6:c3, -360;
windaJazdaPoPietrachPostoje;SM-G935F;Winda/schody ruchome;W rece;1616498824000;-89.00000000;"IITiS PAN";04:bd:88:6f:e6:c3, -360;
windaJazdaPoPietrachPostoje;SM-G935F;Winda/schody ruchome;W rece;1616498825000;-91.00000000;"IITiS PAN";04:bd:88:6f:e6:c3, -360;
windaJazdaPoPietrachPostoje;SM-G935F;Winda/schody ruchome;W rece;1616498826000;-92.00000000;"IITiS PAN";04:bd:88:6f:e6:c3, -360;
windaJazdaPoPietrachPostoje;SM-G935F;Winda/schody ruchome;W rece;1616498827000;-92.00000000;"IITiS PAN";04:bd:88:6f:e6:c3, -360;
windaJazdaPoPietrachPostoje;SM-G935F;Winda/schody ruchome;W rece;1616498828000;-92.00000000;"IITiS PAN";04:bd:88:6f:e6:c3, -360;
windaJazdaPoPietrachPostoje;SM-G935F;Winda/schody ruchome;W rece;1616498829000;-92.00000000;"IITiS PAN";04:bd:88:6f:e6:c3, -360;
windaJazdaPoPietrachPostoje;SM-G935F;Winda/schody ruchome;W rece;1616498830000;-94.00000000;"IITiS PAN";04:bd:88:6f:e6:c3, -360;
windaJazdaPoPietrachPostoje;SM-G935F;Winda/schody ruchome;W rece;1616498831000;-95.00000000;"IITiS PAN";04:bd:88:6f:e6:c3, -360;
windaJazdaPoPietrachPostoje;SM-G935F;Winda/schody ruchome;W rece;1616498832000;-95.00000000;"IITiS PAN";04:bd:88:6f:e6:c3, -360;
windaJazdaPoPietrachPostoje;SM-G935F;Winda/schody ruchome;W rece;1616498833000;-94.00000000;"IITiS PAN";04:bd:88:6f:e6:c3, -360;
windaJazdaPoPietrachPostoje;SM-G935F;Winda/schody ruchome;W rece;1616498834000;-95.00000000;"IITiS PAN";04:bd:88:6f:e6:c3, -360;
windaJazdaPoPietrachPostoje;SM-G935F;Winda/schody ruchome;W rece;1616498835000;-95.00000000;"IITiS PAN";04:bd:88:6f:e6:c3, -360;
windaJazdaPoPietrachPostoje;SM-G935F;Winda/schody ruchome;W rece;1616498836000;-95.00000000;"IITiS PAN";04:bd:88:6f:e6:c3, -360;
windaJazdaPoPietrachPostoje;SM-G935F;Winda/schody ruchome;W rece;1616498837000;-96.00000000;"IITiS PAN";04:bd:88:6f:e6:c3, -360;
windaJazdaPoPietrachPostoje;SM-G935F;Winda/schody ruchome;W rece;1616498838000;-96.00000000;"IITiS PAN";04:bd:88:6f:e6:c3, -360;
windaJazdaPoPietrachPostoje;SM-G935F;Stoi;W rece;1616498839000;-96.00000000;"IITiS PAN";04:bd:88:6f:e6:c3, -360;
windaJazdaPoPietrachPostoje;SM-G935F;Stoi;W rece;1616498840000;-96.00000000;"IITiS PAN";04:bd:88:6f:e6:c3, -360;
windaJazdaPoPietrachPostoje;SM-G935F;Stoi;W rece;1616498841000;-92.00000000;"IITiS PAN";04:bd:88:6f:e6:c3, -360;
windaJazdaPoPietrachPostoje;SM-G935F;Stoi;W rece;1616498842000;-83.00000000;"IITiS PAN";04:bd:88:6f:e6:c3, -360;
windaJazdaPoPietrachPostoje;SM-G935F;Stoi;W rece;1616498843000;-72.00000000;"IITiS PAN";04:bd:88:6f:e6:c3, -360;
windaJazdaPoPietrachPostoje;SM-G935F;Stoi;W rece;1616498844000;-74.00000000;"IITiS PAN";04:bd:88:6f:e6:c3, -360;
windaJazdaPoPietrachPostoje;SM-G935F;Stoi;W rece;1616498845000;-74.00000000;"IITiS PAN";04:bd:88:6f:e6:c3, -360;
windaJazdaPoPietrachPostoje;SM-G935F;Stoi;W rece;1616498846000;-72.00000000;"IITiS PAN";04:bd:88:6f:e6:c3, -360;
windaJazdaPoPietrachPostoje;SM-G935F;Stoi;W rece;1616498847000;-69.00000000;"IITiS PAN";04:bd:88:6f:e6:c3, -360;
windaJazdaPoPietrachPostoje;SM-G935F;Stoi;W rece;1616498848000;-66.00000000;"IITiS PAN";04:bd:88:6f:e6:c3, -360;
windaJazdaPoPietrachPostoje;SM-G935F;Stoi;W rece;1616498849000;-68.00000000;"IITiS PAN";04:bd:88:6f:e6:c3, -360;
windaJazdaPoPietrachPostoje;SM-G935F;Stoi;W rece;1616498850000;-71.00000000;"IITiS PAN";04:bd:88:6f:e6:c3, -360;
windaJazdaPoPietrachPostoje;SM-G935F;Stoi;W rece;1616498851000;-71.00000000;"IITiS PAN";04:bd:88:6f:e6:c3, -360;
windaJazdaPoPietrachPostoje;SM-G935F;Stoi;W rece;1616498852000;-68.00000000;"IITiS PAN";04:bd:88:6f:e6:c3, -360;
windaJazdaPoPietrachPostoje;SM-G935F;Stoi;W rece;1616498853000;-66.00000000;"IITiS PAN";04:bd:88:6f:e6:c3, -360;
windaJazdaPoPietrachPostoje;SM-G935F;Stoi;W rece;1616498854000;-66.00000000;"IITiS PAN";04:bd:88:6f:e6:c3, -360;
windaJazdaPoPietrachPostoje;SM-G935F;Stoi;W rece;1616498855000;-68.00000000;"IITiS PAN";04:bd:88:6f:e6:c3, -360;
windaJazdaPoPietrachPostoje;SM-G935F;Stoi;W rece;1616498856000;-69.00000000;"IITiS PAN";04:bd:88:6f:e6:c3, -360;
windaJazdaPoPietrachPostoje;SM-G935F;Stoi;W rece;1616498857000;-68.00000000;"IITiS PAN";04:bd:88:6f:e6:c3, -360;
windaJazdaPoPietrachPostoje;SM-G935F;Stoi;W rece;1616498858000;-66.00000000;"IITiS PAN";04:bd:88:6f:e6:c3, -360;
windaJazdaPoPietrachPostoje;SM-G935F;Stoi;W rece;1616498859000;-66.00000000;"IITiS PAN";04:bd:88:6f:e6:c3, -360;
windaJazdaPoPietrachPostoje;SM-G935F;Stoi;W rece;1616498860000;-66.00000000;"IITiS PAN";04:bd:88:6f:e6:c3, -360;
windaJazdaPoPietrachPostoje;SM-G935F;Stoi;W rece;1616498861000;-67.00000000;"IITiS PAN";04:bd:88:6f:e6:c3, -360;
windaJazdaPoPietrachPostoje;SM-G935F;Stoi;W rece;1616498862000;-67.00000000;"IITiS PAN";04:bd:88:6f:e6:c3, -360;
